epoch,accuracy,learning_rate,loss,sparse_categorical_accuracy,val_accuracy,val_loss,val_sparse_categorical_accuracy
0,0.6166761517524719,9.999999747378752e-06,3.7062339782714844,0.6166761517524719,0.6087499856948853,2.0616135597229004,0.6087499856948853
1,0.7099716067314148,9.999999747378752e-06,1.109090805053711,0.7099716067314148,0.7053409218788147,0.8391599655151367,0.7053409218788147
2,0.7443749904632568,9.999999747378752e-06,0.7527559399604797,0.7443749904632568,0.7317045331001282,0.6480057835578918,0.7317045331001282
3,0.7636363506317139,9.999999747378752e-06,0.6479468941688538,0.7636363506317139,0.6996591091156006,1.041050910949707,0.6996591091156006
4,0.7767897844314575,9.999999747378752e-06,0.579670786857605,0.7767897844314575,0.7751136422157288,0.5269920229911804,0.7751136422157288
5,0.7944318056106567,9.999999747378752e-06,0.523441731929779,0.7944318056106567,0.7103409171104431,0.7855324745178223,0.7103409171104431
6,0.8048863410949707,9.999999747378752e-06,0.489619642496109,0.8048863410949707,0.7837499976158142,0.7867725491523743,0.7837499976158142
7,0.8157670497894287,9.999999747378752e-06,0.46524477005004883,0.8157670497894287,0.6784090995788574,1.4083791971206665,0.6784090995788574
8,0.8621022701263428,1.9999999949504854e-06,0.33095216751098633,0.8621022701263428,0.8778409361839294,0.2969735860824585,0.8778409361839294
9,0.8858522772789001,1.9999999949504854e-06,0.27111613750457764,0.8858522772789001,0.8881818056106567,0.2892904579639435,0.8881818056106567
10,0.8997159004211426,1.9999999949504854e-06,0.2437402307987213,0.8997159004211426,0.8903409242630005,0.27288228273391724,0.8903409242630005
11,0.9078693389892578,1.9999999949504854e-06,0.22145506739616394,0.9078693389892578,0.902613639831543,0.25304362177848816,0.902613639831543
12,0.9148295521736145,1.9999999949504854e-06,0.20695126056671143,0.9148295521736145,0.8757954835891724,0.31378358602523804,0.8757954835891724
13,0.9225852489471436,1.9999999949504854e-06,0.19361524283885956,0.9225852489471436,0.9135227203369141,0.2514914274215698,0.9135227203369141
14,0.9269886612892151,1.9999999949504854e-06,0.1816575974225998,0.9269886612892151,0.9160227179527283,0.22027474641799927,0.9160227179527283
15,0.9303408861160278,1.9999999949504854e-06,0.17342910170555115,0.9303408861160278,0.9136363863945007,0.2462686151266098,0.9136363863945007
16,0.9361079335212708,1.9999999949504854e-06,0.1612778604030609,0.9361079335212708,0.9173863530158997,0.22219017148017883,0.9173863530158997
17,0.9392045736312866,1.9999999949504854e-06,0.15254850685596466,0.9392045736312866,0.925000011920929,0.20213046669960022,0.925000011920929
18,0.9417613744735718,1.9999999949504854e-06,0.1453401893377304,0.9417613744735718,0.9065909385681152,0.2638392150402069,0.9065909385681152
19,0.9441193342208862,1.9999999949504854e-06,0.13933919370174408,0.9441193342208862,0.9244318008422852,0.21323196589946747,0.9244318008422852
