epoch,accuracy,loss,sparse_acc,val_accuracy,val_loss,val_sparse_acc
0,0.5753124952316284,0.9540678262710571,0.5753124952316284,0.6596590876579285,0.7671171426773071,0.6596590876579285
1,0.6553693413734436,0.7778319120407104,0.6553693413734436,0.7139772772789001,0.6682840585708618,0.7139772772789001
2,0.698380708694458,0.6934764981269836,0.698380708694458,0.7486363649368286,0.6062088012695312,0.7486363649368286
3,0.7272158861160278,0.6359955072402954,0.7272158861160278,0.7840909361839294,0.5259627103805542,0.7840909361839294
4,0.747897744178772,0.5910337567329407,0.747897744178772,0.7828409075737,0.509800910949707,0.7828409075737
5,0.7658807039260864,0.5558648109436035,0.7658807039260864,0.8079545497894287,0.471298485994339,0.8079545497894287
6,0.7816761136054993,0.5203760862350464,0.7816761136054993,0.8232954740524292,0.4404367506504059,0.8232954740524292
7,0.7956249713897705,0.4894082844257355,0.7956249713897705,0.8284090757369995,0.4142914116382599,0.8284090757369995
8,0.8052272796630859,0.4719583988189697,0.8052272796630859,0.8450000286102295,0.39782023429870605,0.8450000286102295
9,0.8163068294525146,0.4451637268066406,0.8163068294525146,0.8422726988792419,0.38915881514549255,0.8422726988792419
